,id,geometry,text,PretMediu,PretMinim,PretMaxim,MetriPartrati,PretMetru
0,271,"POLYGON ((21.220853860510477 45.763138412240004, 21.222141320837313 45.763707247831064, 21.223857934606727 45.76406650942744, 21.225163164565693 45.76421877388673, 21.225611093471446 45.764260406802904, 21.226041588017896 45.76430110411834, 21.227523508499424 45.764321218871636, 21.228261786530652 45.76433104235327, 21.22863394303087 45.764337123555734, 21.22901481671164 45.76434133361831, 21.23071500195011 45.764255962841304, 21.231840859184153 45.76421853999366, 21.2324503911827 45.76412732169687, 21.232748786935886 45.76408288195956, 21.233086074719292 45.7640342321014, 21.233539368042326 45.763943013503265, 21.233776743540652 45.76389296015774, 21.233986626396145 45.76384992360087, 21.234505298564773 45.763690641270856, 21.234764131734007 45.76361158467406, 21.23489421887146 45.76357158854238, 21.23495892716422 45.76355170741404, 21.2350239707325 45.76353206017395, 21.23574548495905 45.76331804515864, 21.23622258288612 45.76300602613935, 21.23645928783071 45.76285048377795, 21.236575293370336 45.76277610396895, 21.23669666332903 45.762697046076205, 21.237243498695115 45.76218878068508, 21.237924779784883 45.76155630774869, 21.238799179923674 45.76075167205281, 21.239564950595934 45.76002468308335, 21.239650781284087 45.759485750780755, 21.240036684103927 45.75831711058346, 21.24014698994985 45.75792763638898, 21.240202645786542 45.75773371699293, 21.240230808981305 45.75763500263836, 21.24024556113107 45.75758541147469, 21.240259307451584 45.75753909515971, 21.24063783420193 45.756491587640674, 21.24063783420193 45.75592267848072, 21.240466172824718 45.755144161810186, 21.24005311263847 45.75426972117151, 21.240010197294843 45.75413310320615, 21.240133578909347 45.75397402707232, 21.240146989953445 45.75395507826657, 21.240153024923558 45.753937299134684, 21.24016442431185 45.753926070206894, 21.24018554670725 45.753913905532364, 21.240210357141432 45.753903144471884, 21.240242878925123 45.75387179702259, 21.24020868076025 45.7538491052012, 21.239929395748444 45.75358218318721, 21.239437210393394 45.75273719465831, 21.238872605396985 45.751837918173415, 21.238723407519938 45.75161239495081, 21.23802469207087 45.75077579877148, 21.23761196715924 45.75026531921432, 21.236075061393855 45.74925464014426, 21.234980720115146 45.74882416016748, 21.233421015575875 45.748419880296794, 21.22953717692265 45.74782842854371, 21.228496479824823 45.74777602112454, 21.22640435679371 45.747903296200846, 21.225470948056756 45.748105438372974, 21.2253851173677 45.74838244682752, 21.22402959598394 45.74885574442198, 21.222656304968048 45.74909531616181, 21.220896775855007 45.7496044026937, 21.21952348483911 45.74978407918468, 21.218922670020223 45.7499338091524, 21.217635209693384 45.75023326788161, 21.216948564185437 45.75047283370894, 21.216133172644806 45.75083218052131, 21.215661103858604 45.75137119640189, 21.215146119727866 45.75214976570578, 21.214631135597134 45.75358709588683, 21.214845712317974 45.7548147861035, 21.214931543006127 45.75571307890698, 21.215360696448705 45.75658141487254, 21.215704019202235 45.757090433121625, 21.216261918677493 45.75768927217597, 21.21716314090628 45.759246223641604, 21.218107278479593 45.760443849052955, 21.21900850070838 45.761641448757985, 21.21960931552727 45.76241987478156, 21.21966094804965 45.762464315833554, 21.219793717395746 45.76257097423763, 21.219984824788064 45.76268979520191, 21.220365027916003 45.76292767026977, 21.220853860510477 45.763138412240004))","Timisoara, zona Cetatii",81123.875,41000,125000,54.84625005722046,1385.7142857142858
1,694,"POLYGON ((21.23538405729249 45.76342540360726, 21.23556510640129 45.76337137355849, 21.235657977887914 45.76334400766906, 21.23574481440532 45.76331827904359, 21.23669632805621 45.76269774778209, 21.238124939627884 45.76137035371989, 21.23884243053923 45.76071260949319, 21.239565621146074 45.76002444915952, 21.242805059083043 45.761121244540895, 21.24971442950433 45.76312718516057, 21.252761418945113 45.76366608228975, 21.25683837664736 45.76405528253477, 21.259456212645556 45.76483367487853, 21.260743672972396 45.765671931410694, 21.26082950366055 45.76618086673092, 21.26091533434961 45.76758789904172, 21.260743672972396 45.768785345393226, 21.260529096251556 45.77055153183952, 21.260357434874344 45.771389702448985, 21.26001411212082 45.77249726572032, 21.25962787402187 45.77285647070638, 21.258812482482142 45.77369460667699, 21.258812482482142 45.773724539871765, 21.23538405729249 45.76342540360726))","Timisoara, zona Telegrafului",55396.5625,32000,99500,37.0625,1727.2727272727273
2,169,"POLYGON ((21.260743672971497 45.76561205636206, 21.260749037389676 45.76568315797425, 21.259472305899198 45.76484115936653, 21.25684374106464 45.76405902483049, 21.25276410115465 45.76366608228912, 21.249695654041155 45.76312531397991, 21.242856021054386 45.76114182825266, 21.239565285869652 45.76002468307019, 21.23965346349093 45.75948200817389, 21.239831495113776 45.75893605316888, 21.239922019668175 45.75866471108178, 21.239967281945823 45.75852693429255, 21.239990080722407 45.758459566231075, 21.240011203117806 45.758393367674536, 21.24023248536159 45.75762892070535, 21.24028177095265 45.757472895511775, 21.24029551727406 45.75744014653997, 21.240326027401043 45.757352659907255, 21.240450079568387 45.75701136715918, 21.240542615781287 45.75675264762734, 21.240638504751168 45.75649111977593, 21.2406391753049 45.75601344232327, 21.241337890751275 45.756177191187916, 21.241691942341156 45.7567273838131, 21.242121095783734 45.757255114499344, 21.242700452930812 45.75780155378074, 21.24320470822519 45.7582132510746, 21.243934269076764 45.7586024893589, 21.24498569501095 45.759074062873225, 21.24632679951777 45.759500721190065, 21.247828836566345 45.75985252471627, 21.248569126254274 45.76000971280897, 21.25185215008861 45.760900436970154, 21.25356876385802 45.76111001705866, 21.253997917299703 45.7610501371138, 21.25438415539775 45.76099025710466, 21.25489913952849 45.76081061669104, 21.255585785036434 45.76063097569904, 21.25610076916717 45.76042139381045, 21.25670158398696 45.760211811134624, 21.25708782208501 45.759972287112994, 21.25790321362474 45.75952317680058, 21.258203621034635 45.759463295152045, 21.258589859132684 45.75952317680058, 21.258761520509896 45.75958305838422, 21.258976097230732 45.7598225840774, 21.25974857342684 45.76078067656567, 21.260263557557575 45.76167887333183, 21.260864372377362 45.7631758358097, 21.260864372377362 45.76440331506913, 21.260885830049176 45.76441828416213, 21.260885830049176 45.76441828416213, 21.260885830049176 45.76442763984227, 21.260743672971497 45.76561205636206))","Timisoara, zona Dorobantilor",98075.1446,24999,259990,75.38445782948689,1373.2394366197184
3,13,"POLYGON ((21.23544910086167 45.763453938936955, 21.24982708228158 45.76978070310706, 21.24805682433218 45.771213837338664, 21.249988014822435 45.774641236174666, 21.247863705283155 45.77532968389828, 21.247262890464263 45.77549431144282, 21.24702685607071 45.77609295296147, 21.246554787284502 45.776631724833805, 21.245953972465614 45.776990903190125, 21.244881088859614 45.777439872882105, 21.234967644342074 45.78040298218782, 21.234930093416626 45.780395499787296, 21.234897906908454 45.780380534981994, 21.234865720400283 45.780369311376, 21.23483353389211 45.780346864156606, 21.234790618547585 45.78032067572246, 21.234753067621238 45.7802832636527, 21.234715516694887 45.78022714550036, 21.23464577926037 45.78006627315142, 21.23462968600673 45.779901659104475, 21.23456531299039 45.77973330332702, 21.229833896287467 45.7680893328287, 21.229812438615653 45.76722117595408, 21.229812438615653 45.76623325686756, 21.22989826930381 45.76530519572703, 21.230190630087783 45.76428169103435, 21.23071366084444 45.764255495063615, 21.2318455530486 45.76421807221564, 21.233100826867265 45.76403095759865, 21.23398059142424 45.7638513269755, 21.23517216278029 45.76348761996245, 21.23527710420804 45.7634567456898, 21.23532739562745 45.763442010235146, 21.23537366373255 45.763427976465785, 21.23538472784533 45.76342516971086, 21.23544910086167 45.763453938936955))","Timisoara, zona Lipovei",82881.2829,24000,225000,55.762529901299345,1373.076923076923
4,15,"POLYGON ((21.23018995953495 45.76428122325685, 21.229905645378693 45.76529163020226, 21.229811768064614 45.766227175870526, 21.229833225737327 45.76808839732066, 21.234634379872972 45.77990633564438, 21.234642426499793 45.78006159662054, 21.23472289276977 45.78023556322465, 21.23478726578611 45.78031786981566, 21.234859685430166 45.78036837607269, 21.234924058446513 45.78039082328341, 21.227566759117675 45.782661686065914, 21.222073595055903 45.78427779566177, 21.221086542138966 45.7844274330692, 21.220399896631015 45.7844274330692, 21.21997074318844 45.78439750562023, 21.219627420434914 45.784307723175644, 21.219069520959653 45.78421794058646, 21.21855453682892 45.784128157852685, 21.21786789132187 45.78391866424467, 21.216795007715874 45.78358945841353, 21.216194192896086 45.783379962781204, 21.215421716699986 45.78305075376834, 21.214777986536564 45.7827514711614, 21.214048425684993 45.78242225843727, 21.21349052620973 45.782182829781036, 21.212675134669098 45.78164411154455, 21.21177391244031 45.7810754588697, 21.208898584376744 45.779399396195245, 21.208855669032214 45.779249745291644, 21.2089844150658 45.77910009398702, 21.22516484094598 45.76421947556597, 21.226048628816358 45.76430133801608, 21.229014481435225 45.76434180140344, 21.22901414615881 45.764341567510876, 21.229091930220143 45.76433759134028, 21.23018995953495 45.76428122325685))","Timisoara, zona Aradului",90176.0482,19500,200000,59.32556624125285,1261.1940298507463
5,371,"POLYGON ((21.220696280727502 45.74963247717586, 21.218003342881993 45.74811596659828, 21.216222356096235 45.746513782925845, 21.212789128557407 45.7428151085621, 21.209999631181994 45.73911618914511, 21.208755086198785 45.73270614532888, 21.208787272706058 45.732642490502876, 21.208810406756367 45.73259708958933, 21.2088516457224 45.732567602380435, 21.20891065432056 45.732545135923985, 21.20977969004118 45.73247024767036, 21.21371180845621 45.732522669458504, 21.219033311140766 45.73288213182167, 21.228474686871202 45.735637933075296, 21.231006692181246 45.73646913991018, 21.227938245068653 45.740018478522565, 21.22699410749534 45.7408271570269, 21.22617871595471 45.74117159061044, 21.22547061277495 45.74139622006392, 21.226028512250213 45.742219853661666, 21.225256036054112 45.74755071545843, 21.22527749372682 45.747775319246045, 21.2253847820868 45.74799992212927, 21.225470948055857 45.748104502531085, 21.22538545264322 45.74838455246267, 21.22453787459442 45.748684019504466, 21.22402724905082 45.748855744415074, 21.22340564711115 45.748964300486804, 21.222656640243564 45.749096251980184, 21.221550229025528 45.74941630324086, 21.220894428920985 45.74960533850355, 21.220889399780123 45.749605806411594, 21.220696280727502 45.74963247717586))","Timisoara, zona Elisabetin",104237.2222,35000,299000,77.89527765909831,1562.5
6,30,"POLYGON ((21.208775202764937 45.732603642299416, 21.203282038703165 45.733442382998625, 21.199977557197915 45.73502996483473, 21.197016398445296 45.73784556500966, 21.19422690107078 45.74176919655476, 21.190922419564636 45.74733219382169, 21.21540361179144 45.7517602484602, 21.215664791893797 45.75137026060723, 21.216131496261827 45.750840602676725, 21.216847646069304 45.750514944775745, 21.21761844588512 45.75023326787471, 21.21949062777721 45.749791565685264, 21.22069762183407 45.74963060554391, 21.21800468398407 45.74811456283477, 21.216127137673798 45.746467457419975, 21.21286557151218 45.74288857904688, 21.210000972284067 45.73912227309307, 21.208755421471608 45.732706145327626, 21.208794984053764 45.73262891703697, 21.208793642949896 45.73262259835412, 21.208775202764937 45.732603642299416))","Timisoara, zona Iosefin",93910.0284,25800,310000,68.90418427379419,1580.0
7,207,"POLYGON ((21.21540327651502 45.75176048240488, 21.190924095944926 45.747333831568746, 21.18852083666756 45.75544148720974, 21.18693296893083 45.76313630715585, 21.18800585253683 45.763226123690856, 21.187834191159617 45.76499248616035, 21.195516037777008 45.766668981855915, 21.201352524593197 45.765561302847296, 21.21045057757011 45.7631063682785, 21.217874932122132 45.7602920420911, 21.217964115571764 45.760265376420186, 21.217180239988267 45.75927265587889, 21.21688653810042 45.75877020717684, 21.21653650982485 45.75816670135791, 21.216390329432862 45.757910326368034, 21.216263595056883 45.75769184529213, 21.215976598692883 45.75738306972123, 21.215704354477754 45.75709066703706, 21.215510564876787 45.75680434484484, 21.215359690619458 45.75658164879011, 21.21518266482407 45.75622140329076, 21.214931878281647 45.7557123771145, 21.214847053422744 45.75482718450596, 21.214631135597134 45.75358779769163, 21.215144778623095 45.75215187118878, 21.21540327651592 45.75176071634767, 21.21540327651502 45.75176048240488))","Timisoara, zona Blascovici",43942.9889,25000,105000,31.544444444444444,1333.3333333333333
8,23,"POLYGON ((21.19032965136987 45.76558796598519, 21.191080669894156 45.76692017120471, 21.19150982333673 45.767129728679905, 21.192089180483812 45.76783323730478, 21.19223938418831 45.770542411045476, 21.19324789477796 45.77230854185385, 21.193548302186958 45.77257794672193, 21.1919175191066 45.77365555318123, 21.192110638155626 45.773954884612984, 21.191466907992204 45.774643340810265, 21.192175011171965 45.775137228063734, 21.191187958255025 45.777127699019736, 21.197196106447528 45.7815124708326, 21.20172367526327 45.784729746164864, 21.208890537750825 45.779237819963974, 21.22516450566956 45.7642192416729, 21.22384117079846 45.76406487216263, 21.2222103877172 45.763720579835905, 21.2203650279151 45.762927202472156, 21.219792376290975 45.76257097423763, 21.219608644973533 45.76242057647276, 21.21796579195205 45.7602635051423, 21.210444877876412 45.76310590048113, 21.20148093535036 45.7655308974943, 21.1955371601742 45.766668514088416, 21.190390001074597 45.765555221776395, 21.19032965136987 45.76558796598519))","Timisoara, zona Torontalului",95762.8012,50000,265000,60.6053789032172,1835.5917398534907
9,269,"POLYGON ((21.240050430429832 45.75426597821792, 21.240010197294843 45.75412936024403, 21.24007725251982 45.754045143517835, 21.240133243632933 45.75397379313567, 21.24014665467703 45.75395554613816, 21.240153360199976 45.753937299134684, 21.240164089035435 45.75392677201494, 21.240185546708148 45.753914139468016, 21.24021102769337 45.75390267659923, 21.24024321420154 45.75387156308613, 21.240327703786726 45.753917180636414, 21.240375648273016 45.75394314753326, 21.240410181714303 45.75395694975289, 21.240461143685653 45.753974027070434, 21.24052451087364 45.75399461342011, 21.240942264923433 45.75408070170284, 21.241430426964175 45.754144332089155, 21.242074157127597 45.754204219445185, 21.244590069183108 45.75447745469263, 21.24916591776245 45.75493034852551, 21.24921956194244 45.75490789106729, 21.24926247728697 45.754848004465764, 21.249686266311365 45.75408444466823, 21.25051775110563 45.752516119965954, 21.250646497138316 45.75246371694748, 21.250775243171 45.752486175389905, 21.25441231859431 45.75492660561685, 21.254508878118827 45.75540569595173, 21.254455233938838 45.755615296679366, 21.254626895315152 45.756019524431714, 21.255174065954957 45.75655100461355, 21.25639715326545 45.757801085929486, 21.25820630324507 45.75946282731411, 21.257904554730406 45.75952317678805, 21.257085475152785 45.75997369056512, 21.256913813775576 45.760080119820124, 21.256702254539793 45.760211343303595, 21.2561014397209 45.760421861615924, 21.255587461418514 45.76063074177901, 21.254899810082218 45.7608101488644, 21.25438449067507 45.76098978927952, 21.2539902059502 45.76105130663243, 21.25356943441086 45.761110017046754, 21.25185047370832 45.76090067086524, 21.248573484846798 45.76001088235006, 21.247750717230385 45.75983311007365, 21.246736842223452 45.75959732702256, 21.24632914645359 45.75950095509165, 21.244984689184392 45.75907382894729, 21.243934604355875 45.758602723263614, 21.2432030318476 45.75821231539029, 21.242701123485443 45.757801787688805, 21.242288733850234 45.75741347950485, 21.24217004610197 45.757301664960224, 21.242124113273285 45.7572572197866, 21.241692277621166 45.75672808557465, 21.241614493559826 45.75660738051592, 21.241338561307703 45.756178360809315, 21.240640181135948 45.756012272688366, 21.240640181135948 45.7559243159613, 21.24046650810293 45.75514346000428, 21.240465837550097 45.75514346000428, 21.240050430429832 45.75426597821792))","Timisoara, zona Fabric",89971.3208,30000,165000,70.76735859996867,1239.655172413793
10,5,"POLYGON ((21.231006692183943 45.73646937391142, 21.227938245071346 45.740019882480276, 21.22699477805087 45.740826923028244, 21.225470277502126 45.74139668803388, 21.226028512255603 45.74221961966885, 21.225256036059502 45.74754907771023, 21.225277493731316 45.747774617351226, 21.225386123196053 45.74800109192393, 21.225470277503923 45.748104502531085, 21.225449825659563 45.748077597077845, 21.22635104788835 45.74790540185407, 21.228529001607615 45.74777064000438, 21.229567016496798 45.74782117573724, 21.233410622015036 45.748418242586, 21.23498239649723 45.74882813744552, 21.236087466611398 45.74926236068104, 21.237617331576523 45.750272805658504, 21.238725083901127 45.751610523385246, 21.23932958675701 45.752562206508706, 21.2399149788751 45.75357259175321, 21.240182529222192 45.75382922060839, 21.240208010208313 45.75384840339217, 21.24024354947796 45.75387109521383, 21.240374977721977 45.75394291359648, 21.240407834782086 45.75395648188007, 21.24044169767144 45.753967476866315, 21.24052451087364 45.753994613418236, 21.24094226492703 45.75408116957462, 21.249165917766046 45.754930114596, 21.24921989722245 45.754907891069166, 21.25051775110922 45.7525165878521, 21.250645826589974 45.75246371694999, 21.250775243174594 45.75248617539241, 21.251274134050796 45.75199302334818, 21.25188567770604 45.751528876267145, 21.252175356279576 45.75125188342771, 21.252422119508587 45.75091499839221, 21.252786899934826 45.750241222220914, 21.25311949385199 45.749500059038056, 21.25419237745799 45.74647541230283, 21.25745394361961 45.73767006216296, 21.258355165848396 45.73560329918381, 21.255694414505665 45.735453530777754, 21.25535109175214 45.73524385433549, 21.253334070572834 45.73632218193957, 21.252561594376733 45.73665166677624, 21.25063040388648 45.737071008302806, 21.241704012285876 45.73829906179961, 21.23839953078063 45.73850872677082, 21.23775580061721 45.73850872677082, 21.231006692183943 45.73646937391142))","Timisoara, zona Complex Studentesc",70703.9009,19000,267000,45.812912903748476,1357.142857142857
